"id_discente","discente_matricula","sexo","ano_nascimento","raca","ano_ingresso","periodo_ingresso","pais","curso","nivel","modalidade","estado","polo","forma_ingresso","programa_cota","discente_situacao","periodo_atual","data_colacao_grau"
"03bc8af6b3061e1cae9fb0bd8b20308c"," 2017206***","F","1991","Não declarada","2017","2","Brasil","ADMINISTRAÇÃO PÚBLICA","G","A Distância","Ceará","Aracati","VESTIBULAR","Ampla Concorrência","ATIVO","7",""
"0832482b8b390dc7caf355f08ebe54dd"," 2017101***","F","1993","Negra","2017","1","Brasil","ADMINISTRAÇÃO PÚBLICA","G","A Distância","Ceará","Aracati","SiSU","ÉTNICO","ATIVO","8",""
"08916f4731e72e75b792d53431a2a90e"," 2017207***","F","1989","Parda","2017","2","Brasil","ADMINISTRAÇÃO PÚBLICA","G","A Distância","Ceará","Aracati","VESTIBULAR","Ampla Concorrência","ATIVO","6",""
"0d919fbfce60aea4890e70e5b872f471"," 2017101***","M","1977","Negra","2017","1","Brasil","ADMINISTRAÇÃO PÚBLICA","G","A Distância","Ceará","Aracati","SiSU","NENHUM","ATIVO","7",""
"0e2427404fb0f446a8a809b332209633"," 2017100***","F","1982","Não declarada","2017","1","Brasil","ADMINISTRAÇÃO PÚBLICA","G","A Distância","Ceará","Aracati","SiSU","NENHUM","ATIVO","7",""
"0f0acecf8da7851ca66e3567ce977d67"," 2017100***","M","1986","Não declarada","2017","1","Brasil","ADMINISTRAÇÃO PÚBLICA","G","A Distância","Ceará","Aracati","SiSU","NENHUM","ATIVO","7",""
"0fe13d096f36e087199d47c632ec7551"," 2017208***","M","1975","Não declarada","2017","2","Brasil","ADMINISTRAÇÃO PÚBLICA","G","A Distância","Ceará","Aracati","VESTIBULAR","Não aplicavel","ATIVO","6",""
"1003aaf74fe461320d7923e105914a15"," 2017101***","M","1987","Parda","2017","1","Brasil","ADMINISTRAÇÃO PÚBLICA","G","A Distância","Ceará","Aracati","SiSU","NENHUM","ATIVO","8",""
"11c7bcd7f6844f2d5e09198025ca2a4f"," 2017208***","F","1999","Parda","2017","2","Brasil","ADMINISTRAÇÃO PÚBLICA","G","A Distância","Ceará","Aracati","VESTIBULAR","Não aplicavel","ATIVO","7",""
"12a17a68c64999dc732452e44105025e"," 2017207***","M","1973","Parda","2017","2","Brasil","ADMINISTRAÇÃO PÚBLICA","G","A Distância","Ceará","Aracati","VESTIBULAR","Ampla Concorrência","ATIVO","6",""
"12bccaa7b887c34b90571f9f6d857184"," 2015201***","M","1972","Parda","2015","2","Brasil","ADMINISTRAÇÃO PÚBLICA","G","A Distância","Ceará","Redenção","VESTIBULAR","NENHUM","ATIVO","11",""
"13df4ec4327062d41e93d5dde0f684c8"," 2017101***","F","1988","Branca","2017","1","Brasil","ADMINISTRAÇÃO PÚBLICA","G","A Distância","Ceará","Aracati","SiSU","NENHUM","ATIVO","8",""
"17b9289fbd478f35b956d459ea6a3833"," 2015200***","M","1971","Parda","2015","2","Brasil","ADMINISTRAÇÃO PÚBLICA","G","A Distância","Ceará","São Francisco do Conde","VESTIBULAR","NENHUM","ATIVO","11",""
"18a44dfed4bd4dfcbe66fd7e293304bc"," 2017101***","M","1997","Parda","2017","1","Brasil","ADMINISTRAÇÃO PÚBLICA","G","A Distância","Ceará","Aracati","SiSU","NENHUM","ATIVO","8",""
"1a6560189f21aeed45f481cc9145762b"," 2017207***","M","1985","Não declarada","2017","2","Brasil","ADMINISTRAÇÃO PÚBLICA","G","A Distância","Ceará","Aracati","VESTIBULAR","Ampla Concorrência","ATIVO","7",""
"1d489bf36e8c370b34907dc7e18ae9fa"," 2017101***","M","1997","Parda","2017","1","Brasil","ADMINISTRAÇÃO PÚBLICA","G","A Distância","Ceará","Aracati","SiSU","NENHUM","ATIVO","8",""
"1d6093673a6a16b33851a6dc8cbc98c6"," 2015201***","F","1993","Parda","2015","2","Brasil","ADMINISTRAÇÃO PÚBLICA","G","A Distância","Ceará","Limoeiro do Norte","VESTIBULAR","NENHUM","ATIVO","11",""
"1dc7e3e62bda4446c106e6b9996077bd"," 2017208***","M","1991","Amarela","2017","2","Brasil","ADMINISTRAÇÃO PÚBLICA","G","A Distância","Ceará","Aracati","VESTIBULAR","Não aplicavel","ATIVO","7",""
"1ef135129c70dc0865a23d7faa2e877e"," 2014100***","M","1994","Parda","2014","1","Brasil","ADMINISTRAÇÃO PÚBLICA","G","A Distância","Ceará","São Francisco do Conde","VESTIBULAR","","ATIVO","14",""
"204976686050ab510137018bcc0927cf"," 2017100***","M","1986","Não declarada","2017","1","Brasil","ADMINISTRAÇÃO PÚBLICA","G","A Distância","Ceará","Aracati","SiSU","NENHUM","ATIVO","8",""
"219be5630e16a9b7f25a16d41deb174a"," 2017209***","F","1993","Parda","2017","2","Brasil","ADMINISTRAÇÃO PÚBLICA","G","A Distância","Ceará","Aracati","VESTIBULAR","Não aplicavel","ATIVO","7",""
"2328823fd29229732c73632f16ed2d4b"," 2017101***","M","1983","Negra","2017","1","Brasil","ADMINISTRAÇÃO PÚBLICA","G","A Distância","Ceará","Aracati","SiSU","L5 - independentemente da renda (Lei nº 12.711/2012)","ATIVO","7",""
"236bd288d36533f14d7cc3ec32a68770"," 2014100***","F","1989","Parda","2014","1","Brasil","ADMINISTRAÇÃO PÚBLICA","G","A Distância","Ceará","São Francisco do Conde","VESTIBULAR","","ATIVO","14",""
"294a32ea7c080a0ddabf928aa708412d"," 2017207***","F","1990","Parda","2017","2","Brasil","ADMINISTRAÇÃO PÚBLICA","G","A Distância","Ceará","Aracati","VESTIBULAR","Ampla Concorrência","ATIVO","7",""
"2c0a692dc9527f2fc6c44c5a458beb86"," 2017208***","M","1981","Branca","2017","2","Brasil","ADMINISTRAÇÃO PÚBLICA","G","A Distância","Ceará","Aracati","VESTIBULAR","Não aplicavel","ATIVO","6",""
"2e5cb6c18b2ccbc97c78d46c17fee9ee"," 2017206***","M","1996","Não declarada","2017","2","Brasil","ADMINISTRAÇÃO PÚBLICA","G","A Distância","Ceará","Aracati","VESTIBULAR","Não aplicavel","ATIVO","7",""
"2f3eee20c30cf19a1c05600042ba766c"," 2017100***","M","1984","Não declarada","2017","1","Brasil","ADMINISTRAÇÃO PÚBLICA","G","A Distância","Ceará","Aracati","SiSU","NENHUM","ATIVO","7",""
"3361bf2d541262278c1cbffa7eeffe3a"," 2017208***","M","1988","Parda","2017","2","Brasil","ADMINISTRAÇÃO PÚBLICA","G","A Distância","Ceará","Aracati","VESTIBULAR","Ampla Concorrência","ATIVO","6",""
"3432767804a40426b7a38bad3353cf78"," 2017101***","F","1991","Negra","2017","1","Brasil","ADMINISTRAÇÃO PÚBLICA","G","A Distância","Ceará","Aracati","SiSU","ÉTNICO","ATIVO","8",""
"36795a5f8a824a91c681396edcc120b3"," 2017207***","M","1987","Não declarada","2017","2","Brasil","ADMINISTRAÇÃO PÚBLICA","G","A Distância","Ceará","Aracati","VESTIBULAR","Ampla Concorrência","ATIVO","6",""
"37da4593acaf1d0ae9915e4e782a7caa"," 2017207***","F","1989","Branca","2017","2","Brasil","ADMINISTRAÇÃO PÚBLICA","G","A Distância","Ceará","Aracati","VESTIBULAR","Ampla Concorrência","ATIVO","6",""
"3979ddc2b2b8d4859d8296039ee6768a"," 2017207***","F","1988","Branca","2017","2","Brasil","ADMINISTRAÇÃO PÚBLICA","G","A Distância","Ceará","Aracati","VESTIBULAR","Ampla Concorrência","ATIVO","7",""
"3a97f75e975f99014e43b9a2e150d67c"," 2017208***","F","1992","Parda","2017","2","Brasil","ADMINISTRAÇÃO PÚBLICA","G","A Distância","Ceará","Aracati","VESTIBULAR","Não aplicavel","ATIVO","6",""
"3b608d95ab997f6bc8a194a15eb1c53c"," 2017208***","M","1992","Parda","2017","2","Brasil","ADMINISTRAÇÃO PÚBLICA","G","A Distância","Ceará","Aracati","VESTIBULAR","Não aplicavel","ATIVO","6",""
"3caff3abe9d7e686db20b75df2429119"," 2017207***","F","1966","Não declarada","2017","2","Brasil","ADMINISTRAÇÃO PÚBLICA","G","A Distância","Ceará","Aracati","VESTIBULAR","Ampla Concorrência","ATIVO","7",""
"3d4d3b41760acdc29c2a710a0569ff4f"," 2015200***","M","1981","Parda","2015","2","Brasil","ADMINISTRAÇÃO PÚBLICA","G","A Distância","Ceará","Redenção","VESTIBULAR","NENHUM","ATIVO","10",""
"3d589bfaf54b66c06727b92d9ccea194"," 2017206***","M","1982","Branca","2017","2","Brasil","ADMINISTRAÇÃO PÚBLICA","G","A Distância","Ceará","Aracati","VESTIBULAR","Ampla Concorrência","ATIVO","7",""
"40090bc598548bf6ff60f3c291de800a"," 2017100***","F","1999","Parda","2017","1","Brasil","ADMINISTRAÇÃO PÚBLICA","G","A Distância","Ceará","Aracati","SiSU","NENHUM","ATIVO","7",""
"42ac50392c33be1e194d79c30f28a811"," 2017101***","F","1985","Negra","2017","1","Brasil","ADMINISTRAÇÃO PÚBLICA","G","A Distância","Ceará","Aracati","SiSU","ÉTNICO","ATIVO","7",""
"4645badf6c3fbc4a435c994640a68882"," 2017206***","F","1980","Branca","2017","2","Brasil","ADMINISTRAÇÃO PÚBLICA","G","A Distância","Ceará","Aracati","VESTIBULAR","Ampla Concorrência","ATIVO","6",""
"480a1520935445b9074d3bfcc877d013"," 2017206***","M","1992","Parda","2017","2","Brasil","ADMINISTRAÇÃO PÚBLICA","G","A Distância","Ceará","Aracati","VESTIBULAR","Ampla Concorrência","ATIVO","7",""
"4906e837e7048e14bb5c9795d139f6f5"," 2017206***","F","1978","Parda","2017","2","Brasil","ADMINISTRAÇÃO PÚBLICA","G","A Distância","Ceará","Aracati","VESTIBULAR","Ampla Concorrência","ATIVO","5",""
"49bf397d00d93f18975f504c05357173"," 2017208***","F","1992","Parda","2017","2","Brasil","ADMINISTRAÇÃO PÚBLICA","G","A Distância","Ceará","Aracati","VESTIBULAR","Não aplicavel","ATIVO","7",""
"49edc049a7ff78bd414f804adcb78110"," 2017206***","F","1984","Não declarada","2017","2","Brasil","ADMINISTRAÇÃO PÚBLICA","G","A Distância","Ceará","Aracati","VESTIBULAR","Ampla Concorrência","ATIVO","7",""
"49ff30ef9435fffe3be77c7c03e715c7"," 2017101***","F","1994","Parda","2017","1","Brasil","ADMINISTRAÇÃO PÚBLICA","G","A Distância","Ceará","Aracati","SiSU","NENHUM","ATIVO","7",""
"4b75894e97f01eb21137b87b7d04018f"," 2017207***","M","1981","Parda","2017","2","Brasil","ADMINISTRAÇÃO PÚBLICA","G","A Distância","Ceará","Aracati","VESTIBULAR","Ampla Concorrência","ATIVO","7",""
"4b8bd7880f267b89dd5207116a730cae"," 2017208***","F","1989","Parda","2017","2","Brasil","ADMINISTRAÇÃO PÚBLICA","G","A Distância","Ceará","Aracati","VESTIBULAR","Não aplicavel","ATIVO","6",""
"4bd5eb232139140208dbdb8fd74ed51e"," 2015200***","F","1992","Parda","2015","2","Brasil","ADMINISTRAÇÃO PÚBLICA","G","A Distância","Ceará","São Francisco do Conde","VESTIBULAR","NENHUM","ATIVO","9",""
"4c4e7eea0755895e310941c92e142cc8"," 2017207***","F","1989","Parda","2017","2","Brasil","ADMINISTRAÇÃO PÚBLICA","G","A Distância","Ceará","Aracati","VESTIBULAR","Ampla Concorrência","ATIVO","7",""
"4c4f99ac9ccbd05f7b02589733b902fb"," 2017208***","F","1990","Parda","2017","2","Brasil","ADMINISTRAÇÃO PÚBLICA","G","A Distância","Ceará","Aracati","VESTIBULAR","Não aplicavel","ATIVO","6",""
"4daa42e459a8c6b89513b25c91a0d997"," 2014101***","M","1972","Branca","2014","1","Brasil","ADMINISTRAÇÃO PÚBLICA","G","A Distância","Ceará","Limoeiro do Norte","VESTIBULAR","","ATIVO","13",""
"4e2295827733b9ea86573ec93b26eff7"," 2015200***","M","1979","Parda","2015","2","Brasil","ADMINISTRAÇÃO PÚBLICA","G","A Distância","Ceará","Redenção","VESTIBULAR","NENHUM","ATIVO","11",""
"4fa1e87e5012977fc6fc9ba126190429"," 2017100***","M","1990","Não declarada","2017","1","Brasil","ADMINISTRAÇÃO PÚBLICA","G","A Distância","Ceará","Aracati","SiSU","NENHUM","ATIVO","7",""
"52c1661de208d445bae96f962033f481"," 2013102***","M","1984","Branca","2013","1","Brasil","ADMINISTRAÇÃO PÚBLICA","G","A Distância","Ceará","Redenção","VESTIBULAR","","ATIVO","16",""
"52eb57f2f916c2369d08b94f13f0921f"," 2014100***","M","1986","Negra","2014","1","Brasil","ADMINISTRAÇÃO PÚBLICA","G","A Distância","Ceará","São Francisco do Conde","VESTIBULAR","","ATIVO","13",""
"532c2a30424b5ff7e2deb98dc5f32ebd"," 2017207***","M","1998","Parda","2017","2","Brasil","ADMINISTRAÇÃO PÚBLICA","G","A Distância","Ceará","Aracati","VESTIBULAR","Ampla Concorrência","ATIVO","6",""
"54e225a08b99e8d25da4d6988d2359da"," 2015200***","M","1979","Branca","2015","2","Brasil","ADMINISTRAÇÃO PÚBLICA","G","A Distância","Ceará","Redenção","VESTIBULAR","NENHUM","ATIVO","11",""
"5532f71c03d949e42af000314c1381e8"," 2017208***","M","1974","Negra","2017","2","Brasil","ADMINISTRAÇÃO PÚBLICA","G","A Distância","Ceará","Aracati","VESTIBULAR","Não aplicavel","ATIVO","7",""
"56a5f24dd4c246f76689ff82230a5f7a"," 2017208***","F","1987","Negra","2017","2","Brasil","ADMINISTRAÇÃO PÚBLICA","G","A Distância","Ceará","Aracati","VESTIBULAR","Não aplicavel","ATIVO","6",""
"56a675190828cca367eea3fd7bedaaa4"," 2015201***","F","1983","Parda","2015","2","Brasil","ADMINISTRAÇÃO PÚBLICA","G","A Distância","Ceará","Limoeiro do Norte","VESTIBULAR","ESCOLA PÚBLICA","ATIVO","11",""
"5725e3cc75d4cb45539f5c3027b3de65"," 2017207***","F","1986","Parda","2017","2","Brasil","ADMINISTRAÇÃO PÚBLICA","G","A Distância","Ceará","Aracati","VESTIBULAR","Ampla Concorrência","ATIVO","7",""
"5849a37e499c790925f5f06599b806e3"," 2017206***","F","1982","Parda","2017","2","Brasil","ADMINISTRAÇÃO PÚBLICA","G","A Distância","Ceará","Aracati","VESTIBULAR","Não aplicavel","ATIVO","7",""
"58ca08ec16dbb335390a1493152c818f"," 2017208***","M","1983","Negra","2017","2","Brasil","ADMINISTRAÇÃO PÚBLICA","G","A Distância","Ceará","Aracati","VESTIBULAR","Ampla Concorrência","ATIVO","6",""
"5a0c324edfe550d8d0e74f517066cf67"," 2017207***","M","1998","Negra","2017","2","Brasil","ADMINISTRAÇÃO PÚBLICA","G","A Distância","Ceará","Aracati","VESTIBULAR","Ampla Concorrência","ATIVO","7",""
"5ba45de870226fa4f8de7e7465bc9e72"," 2015201***","M","1977","Parda","2015","2","Brasil","ADMINISTRAÇÃO PÚBLICA","G","A Distância","Ceará","Limoeiro do Norte","VESTIBULAR","NENHUM","ATIVO","11",""
"5bd837b33627521689ab2efee4b9871d"," 2015200***","M","1988","Parda","2015","2","Brasil","ADMINISTRAÇÃO PÚBLICA","G","A Distância","Ceará","Redenção","VESTIBULAR","L6 - autodeclarados PPI, independentemente da renda (Lei nº 12.711/2012)","ATIVO","11",""
"5d6347087b135e0c871146b3922bf998"," 2017208***","F","1975","Parda","2017","2","Brasil","ADMINISTRAÇÃO PÚBLICA","G","A Distância","Ceará","Aracati","VESTIBULAR","Não aplicavel","ATIVO","6",""
"5da8a62a55e2100506c16293154a904a"," 2017207***","F","1990","Branca","2017","2","Brasil","ADMINISTRAÇÃO PÚBLICA","G","A Distância","Ceará","Aracati","VESTIBULAR","Não aplicavel","ATIVO","7",""
"5e25ca639657dbf6c3f16764515e7675"," 2017206***","F","1973","Parda","2017","2","Brasil","ADMINISTRAÇÃO PÚBLICA","G","A Distância","Ceará","Aracati","VESTIBULAR","Ampla Concorrência","ATIVO","6",""
"5f23c38ba3e89dcad5832e6c7345ae72"," 2017101***","F","1996","Não declarada","2017","1","Brasil","ADMINISTRAÇÃO PÚBLICA","G","A Distância","Ceará","Aracati","SiSU","NENHUM","ATIVO","8",""
"5f480797791a1a2a0c616acb3a70f0ce"," 2017207***","F","1991","Parda","2017","2","Brasil","ADMINISTRAÇÃO PÚBLICA","G","A Distância","Ceará","Aracati","VESTIBULAR","Ampla Concorrência","ATIVO","7",""
"5f81c29cfc780f75861e8d6741a1811d"," 2017207***","F","1994","Negra","2017","2","Brasil","ADMINISTRAÇÃO PÚBLICA","G","A Distância","Ceará","Aracati","VESTIBULAR","Ampla Concorrência","ATIVO","7",""
"607b8c304a7bcb2cc808c7f35330f0ca"," 2017208***","F","1991","Parda","2017","2","Brasil","ADMINISTRAÇÃO PÚBLICA","G","A Distância","Ceará","Aracati","VESTIBULAR","Ampla Concorrência","ATIVO","6",""
"628be57dd033301e281e64dfdbed7e97"," 2015200***","M","1962","Negra","2015","2","Brasil","ADMINISTRAÇÃO PÚBLICA","G","A Distância","Ceará","São Francisco do Conde","VESTIBULAR","Ampla Concorrência","ATIVO","10",""
"63115761f5102101f391da1e190132d1"," 2015201***","F","1989","Branca","2015","2","Brasil","ADMINISTRAÇÃO PÚBLICA","G","A Distância","Ceará","Limoeiro do Norte","VESTIBULAR","NENHUM","ATIVO","11",""
"63e8600b8e45ceee7509b4b1e08e0f0b"," 2014101***","M","1963","Parda","2014","1","Brasil","ADMINISTRAÇÃO PÚBLICA","G","A Distância","Ceará","Limoeiro do Norte","VESTIBULAR","","ATIVO","14",""
"643cdaa68f628f7d8ddf3c793aadc95a"," 2017208***","F","1978","Parda","2017","2","Brasil","ADMINISTRAÇÃO PÚBLICA","G","A Distância","Ceará","Aracati","VESTIBULAR","Não aplicavel","ATIVO","7",""
"64c41ad5981edec39ec2abdd108c90a2"," 2017100***","F","1985","Parda","2017","1","Brasil","ADMINISTRAÇÃO PÚBLICA","G","A Distância","Ceará","Aracati","SiSU","NENHUM","ATIVO","8",""
"65cc6b4d45415ae4c0f5780de50784bb"," 2017208***","M","1987","Parda","2017","2","Brasil","ADMINISTRAÇÃO PÚBLICA","G","A Distância","Ceará","Aracati","VESTIBULAR","Não aplicavel","ATIVO","6",""
"6a06782999e43e37a91650822470b10c"," 2015201***","M","1990","Parda","2015","2","Brasil","ADMINISTRAÇÃO PÚBLICA","G","A Distância","Ceará","Redenção","VESTIBULAR","NENHUM","ATIVO","11",""
"6a5829e1e6daeba1a5805b46f2df2354"," 2017207***","F","1975","Parda","2017","2","Brasil","ADMINISTRAÇÃO PÚBLICA","G","A Distância","Ceará","Aracati","VESTIBULAR","Ampla Concorrência","ATIVO","7",""
"6a71159afdc9cd07581b18eed0e19e68"," 2015200***","F","1962","Não declarada","2015","2","Brasil","ADMINISTRAÇÃO PÚBLICA","G","A Distância","Ceará","São Francisco do Conde","VESTIBULAR","ESCOLA PÚBLICA","ATIVO","10",""
"6e03395a622bcd80645cda9e1f6cae28"," 2017207***","M","1984","Não declarada","2017","2","Brasil","ADMINISTRAÇÃO PÚBLICA","G","A Distância","Ceará","Aracati","VESTIBULAR","Ampla Concorrência","ATIVO","7",""
"6fa7cbbabda418b239f73df6cc4fff07"," 2017208***","F","1973","Parda","2017","2","Brasil","ADMINISTRAÇÃO PÚBLICA","G","A Distância","Ceará","Aracati","VESTIBULAR","Não aplicavel","ATIVO","7",""
"70a2a9ed0daf9c73ac351d2d0c531bb9"," 2017101***","F","1994","Não declarada","2017","1","Brasil","ADMINISTRAÇÃO PÚBLICA","G","A Distância","Ceará","Aracati","SiSU","NENHUM","ATIVO","8",""
"7125ae3a11dd7b951ee4c29542f30257"," 2015201***","M","1979","Parda","2015","2","Brasil","ADMINISTRAÇÃO PÚBLICA","G","A Distância","Ceará","Redenção","VESTIBULAR","NENHUM","ATIVO","11",""
"71f8c09c2643d31ceed28509a3882e73"," 2017101***","M","1984","Parda","2017","1","Brasil","ADMINISTRAÇÃO PÚBLICA","G","A Distância","Ceará","Aracati","SiSU","NENHUM","ATIVO","7",""
"720be720e0e7e30259aaf3d55a291424"," 2017207***","M","1984","Parda","2017","2","Brasil","ADMINISTRAÇÃO PÚBLICA","G","A Distância","Ceará","Aracati","VESTIBULAR","Ampla Concorrência","ATIVO","7",""
"75519527eb05f168c3402a81188b5f25"," 2017101***","F","1986","Parda","2017","1","Brasil","ADMINISTRAÇÃO PÚBLICA","G","A Distância","Ceará","Aracati","SiSU","ÉTNICO","ATIVO","7",""
"766208fe6260b3ceabb920b5c544b849"," 2017208***","F","1991","Parda","2017","2","Brasil","ADMINISTRAÇÃO PÚBLICA","G","A Distância","Ceará","Aracati","VESTIBULAR","Não aplicavel","ATIVO","7",""
"78e6197ad73be47ba7ec26bee1dde02c"," 2017207***","F","1995","Parda","2017","2","Brasil","ADMINISTRAÇÃO PÚBLICA","G","A Distância","Ceará","Aracati","VESTIBULAR","Ampla Concorrência","ATIVO","6",""
"79d2c3fc6c56edd0c62bdbfe52eedc21"," 2017208***","M","1996","Parda","2017","2","Brasil","ADMINISTRAÇÃO PÚBLICA","G","A Distância","Ceará","Aracati","VESTIBULAR","Ampla Concorrência","ATIVO","6",""
"7a25b20d91686517057a68a1fe03d064"," 2017207***","M","1990","Branca","2017","2","Brasil","ADMINISTRAÇÃO PÚBLICA","G","A Distância","Ceará","Aracati","VESTIBULAR","Ampla Concorrência","ATIVO","6",""
"7a5943dc49003cc42f1893ac5b92f5ff"," 2017208***","M","1997","Parda","2017","2","Brasil","ADMINISTRAÇÃO PÚBLICA","G","A Distância","Ceará","Aracati","VESTIBULAR","Não aplicavel","ATIVO","7",""
"7ab30a380f028c956be39b3a30cfb955"," 2017100***","M","1975","Não declarada","2017","1","Brasil","ADMINISTRAÇÃO PÚBLICA","G","A Distância","Ceará","Aracati","SiSU","NENHUM","ATIVO","7",""
"7b36f4be064961f2feda47cd1ad960aa"," 2015200***","M","1987","Parda","2015","2","Brasil","ADMINISTRAÇÃO PÚBLICA","G","A Distância","Ceará","Redenção","VESTIBULAR","NENHUM","ATIVO","11",""
"7bd5bd37507a76c3d2d356e400d2d9b9"," 2015201***","M","1990","Amarela","2015","2","Brasil","ADMINISTRAÇÃO PÚBLICA","G","A Distância","Ceará","Limoeiro do Norte","VESTIBULAR","NENHUM","ATIVO","11",""
"7c5b41e8a711d4423c2570239761fef3"," 2017206***","F","1998","Parda","2017","2","Brasil","ADMINISTRAÇÃO PÚBLICA","G","A Distância","Ceará","Aracati","VESTIBULAR","Não aplicavel","ATIVO","7",""
"7db5c8191307d1dbac5e3119d38d38be"," 2017206***","F","1998","Parda","2017","2","Brasil","ADMINISTRAÇÃO PÚBLICA","G","A Distância","Ceará","Aracati","VESTIBULAR","Ampla Concorrência","ATIVO","6",""
"7f48fc107c18b49412a6e4c89cdfce09"," 2017206***","F","1997","Parda","2017","2","Brasil","ADMINISTRAÇÃO PÚBLICA","G","A Distância","Ceará","Aracati","VESTIBULAR","Ampla Concorrência","ATIVO","6",""
"80e42b34d3b137b03072f45c749823e6"," 2015201***","F","1990","Parda","2015","2","Brasil","ADMINISTRAÇÃO PÚBLICA","G","A Distância","Ceará","Redenção","VESTIBULAR","NENHUM","ATIVO","11",""
"8188dcaab62d3cbf53c8dc7bca5def9c"," 2017208***","F","1990","Não declarada","2017","2","Brasil","ADMINISTRAÇÃO PÚBLICA","G","A Distância","Ceará","Aracati","VESTIBULAR","Não aplicavel","ATIVO","6",""
"823b4398e65c2fff033d9bc2c6016e16"," 2017207***","F","1974","Parda","2017","2","Brasil","ADMINISTRAÇÃO PÚBLICA","G","A Distância","Ceará","Aracati","VESTIBULAR","Ampla Concorrência","ATIVO","7",""
"82ca81cb7f235872ebaa30dc2fb16ab6"," 2017208***","M","1986","Negra","2017","2","Brasil","ADMINISTRAÇÃO PÚBLICA","G","A Distância","Ceará","Aracati","VESTIBULAR","Não aplicavel","ATIVO","6",""
"83309b2718cc4a765c4f24a41693faa9"," 2015200***","F","1990","Parda","2015","2","Brasil","ADMINISTRAÇÃO PÚBLICA","G","A Distância","Ceará","Redenção","VESTIBULAR","ESCOLA PÚBLICA","ATIVO","10",""
"843ed603f80889e93928292b2efacedd"," 2015200***","F","1987","Não declarada","2015","2","Brasil","ADMINISTRAÇÃO PÚBLICA","G","A Distância","Ceará","Redenção","VESTIBULAR","ESCOLA PÚBLICA","ATIVO","11",""
"87f5310517a48b490992053be0860571"," 2017208***","F","1988","Parda","2017","2","Brasil","ADMINISTRAÇÃO PÚBLICA","G","A Distância","Ceará","Aracati","VESTIBULAR","Não aplicavel","ATIVO","7",""
"8838f74d5160019ee5a6df85bde99fdc"," 2017206***","M","1998","Parda","2017","2","Brasil","ADMINISTRAÇÃO PÚBLICA","G","A Distância","Ceará","Aracati","SiSU","Ampla Concorrência","ATIVO","7",""
"88c867549972831f6bcc5c085e0c69cf"," 2017100***","F","1997","Não declarada","2017","1","Brasil","ADMINISTRAÇÃO PÚBLICA","G","A Distância","Ceará","Aracati","SiSU","NENHUM","ATIVO","8",""
"8903a5c01abecf05a586adf7581b493b"," 2017207***","M","1991","Parda","2017","2","Brasil","ADMINISTRAÇÃO PÚBLICA","G","A Distância","Ceará","Aracati","VESTIBULAR","Ampla Concorrência","ATIVO","6",""
"8b140deee1a6b976cde1b77f59478b26"," 2017101***","M","1988","Branca","2017","1","Brasil","ADMINISTRAÇÃO PÚBLICA","G","A Distância","Ceará","Aracati","SiSU","NENHUM","ATIVO","7",""
"901152e28521a36595b6ffaabb292cd7"," 2015200***","F","1989","Amarela","2015","2","Brasil","ADMINISTRAÇÃO PÚBLICA","G","A Distância","Ceará","São Francisco do Conde","VESTIBULAR","NENHUM","ATIVO","10",""
"90727b11d7db013983438336bf0aed05"," 2015200***","F","1954","Negra","2015","2","Brasil","ADMINISTRAÇÃO PÚBLICA","G","A Distância","Ceará","São Francisco do Conde","VESTIBULAR","NENHUM","ATIVO","11",""
"9317f3a6e37e7485a11528a7907dc5d7"," 2017207***","M","1987","Parda","2017","2","Brasil","ADMINISTRAÇÃO PÚBLICA","G","A Distância","Ceará","Aracati","VESTIBULAR","Ampla Concorrência","ATIVO","7",""
"93eb125817eb0db9d13e2318cb2d0e22"," 2017206***","F","1988","Negra","2017","2","Brasil","ADMINISTRAÇÃO PÚBLICA","G","A Distância","Ceará","Aracati","VESTIBULAR","Ampla Concorrência","ATIVO","7",""
"94a870879b8e35341ddd5d73b9b3f160"," 2017101***","F","1987","Branca","2017","1","Brasil","ADMINISTRAÇÃO PÚBLICA","G","A Distância","Ceará","Aracati","SiSU","NENHUM","ATIVO","8",""
"94deaae180bdad552f22f33718bfdb5f"," 2017207***","M","1971","Parda","2017","2","Brasil","ADMINISTRAÇÃO PÚBLICA","G","A Distância","Ceará","Aracati","VESTIBULAR","Ampla Concorrência","ATIVO","7",""
"957c851fa225da2b862fc36831ae9451"," 2017207***","F","1993","Branca","2017","2","Brasil","ADMINISTRAÇÃO PÚBLICA","G","A Distância","Ceará","Aracati","VESTIBULAR","Ampla Concorrência","ATIVO","7",""
"9aba08f0a09b139f43474d2f78943156"," 2017101***","F","1995","Parda","2017","1","Brasil","ADMINISTRAÇÃO PÚBLICA","G","A Distância","Ceará","Aracati","SiSU","NENHUM","ATIVO","8",""
"9c139b0240c91b45c8955162a389c52f"," 2014100***","F","1985","Parda","2014","1","Brasil","ADMINISTRAÇÃO PÚBLICA","G","A Distância","Ceará","Redenção","VESTIBULAR","","ATIVO","14",""
"9d8373acf10e5f5f40d18422d253181b"," 2017207***","M","1986","Parda","2017","2","Brasil","ADMINISTRAÇÃO PÚBLICA","G","A Distância","Ceará","Aracati","VESTIBULAR","Ampla Concorrência","ATIVO","6",""
"9ddfe3fdb22a4e5de0089242ab454255"," 2017101***","F","1982","Negra","2017","1","Brasil","ADMINISTRAÇÃO PÚBLICA","G","A Distância","Ceará","Aracati","SiSU","ÉTNICO","ATIVO","8",""
"9f4aba96b60d04a08a5560866413f4b9"," 2017207***","M","1995","Negra","2017","2","Brasil","ADMINISTRAÇÃO PÚBLICA","G","A Distância","Ceará","Aracati","VESTIBULAR","Ampla Concorrência","ATIVO","6",""
"a016901c7f07afb7f0ce141e43d70fcf"," 2017208***","M","1969","Branca","2017","2","Brasil","ADMINISTRAÇÃO PÚBLICA","G","A Distância","Ceará","Aracati","VESTIBULAR","Não aplicavel","ATIVO","7",""
"aa02518b11e704c0fadc91e14cba4f46"," 2017208***","M","1991","Negra","2017","2","Brasil","ADMINISTRAÇÃO PÚBLICA","G","A Distância","Ceará","Aracati","VESTIBULAR","Não aplicavel","ATIVO","7",""
"aa28c3482194fe046fd39d73864e0153"," 2015200***","M","1984","Parda","2015","2","Brasil","ADMINISTRAÇÃO PÚBLICA","G","A Distância","Ceará","São Francisco do Conde","VESTIBULAR","Ampla Concorrência","ATIVO","11",""
"aa41f45dec6abd4c6c1a75f69695e9cb"," 2017100***","M","1992","Não declarada","2017","1","Brasil","ADMINISTRAÇÃO PÚBLICA","G","A Distância","Ceará","Aracati","SiSU","NENHUM","ATIVO","8",""
"ab3dca2b29f2fedb2c5139d3b5389ce4"," 2017206***","F","1973","Parda","2017","2","Brasil","ADMINISTRAÇÃO PÚBLICA","G","A Distância","Ceará","Aracati","VESTIBULAR","Ampla Concorrência","ATIVO","7",""
"acf9c8e832346b02b62666ef22221dbb"," 2017101***","F","1994","Parda","2017","1","Brasil","ADMINISTRAÇÃO PÚBLICA","G","A Distância","Ceará","Aracati","SiSU","ESCOLA PÚBLICA","ATIVO","8",""
"af42a60a77342782ee0c997761442b20"," 2015201***","M","1985","Parda","2015","2","Brasil","ADMINISTRAÇÃO PÚBLICA","G","A Distância","Ceará","Redenção","VESTIBULAR","NENHUM","ATIVO","11",""
"b1302cce2ab9faf3b5b98db55ba4b05c"," 2015201***","F","1974","Parda","2015","2","Brasil","ADMINISTRAÇÃO PÚBLICA","G","A Distância","Ceará","Limoeiro do Norte","VESTIBULAR","NENHUM","ATIVO","11",""
"b275ec2b2d67542af67156a70509a116"," 2017206***","F","1976","Negra","2017","2","Brasil","ADMINISTRAÇÃO PÚBLICA","G","A Distância","Ceará","Aracati","VESTIBULAR","Ampla Concorrência","ATIVO","6",""
"b49b3fefb2cc54e811a703d3e4c248a0"," 2015200***","F","1993","Branca","2015","2","Brasil","ADMINISTRAÇÃO PÚBLICA","G","A Distância","Ceará","Redenção","VESTIBULAR","ESCOLA PÚBLICA","ATIVO","11",""
"b4fda91405e52d19d7144cefa5aeb4a0"," 2017101***","M","1989","Negra","2017","1","Brasil","ADMINISTRAÇÃO PÚBLICA","G","A Distância","Ceará","Aracati","SiSU","NENHUM","ATIVO","8",""
"b66a5676d48658bce85dd966f398f454"," 2017206***","F","1986","Parda","2017","2","Brasil","ADMINISTRAÇÃO PÚBLICA","G","A Distância","Ceará","Aracati","VESTIBULAR","Ampla Concorrência","ATIVO","7",""
"b87f1ead385f557d504a4d2a0e403dfd"," 2017208***","F","1987","Parda","2017","2","Brasil","ADMINISTRAÇÃO PÚBLICA","G","A Distância","Ceará","Aracati","VESTIBULAR","Não aplicavel","ATIVO","7",""
"b89fe7fe7ad17f613ff1cb17ee748ac3"," 2015200***","M","1991","Branca","2015","2","Brasil","ADMINISTRAÇÃO PÚBLICA","G","A Distância","Ceará","Redenção","VESTIBULAR","NENHUM","ATIVO","11",""
"bb8a5f76f28374da33395444ed91391b"," 2017206***","M","1972","Negra","2017","2","Brasil","ADMINISTRAÇÃO PÚBLICA","G","A Distância","Ceará","Aracati","VESTIBULAR","Ampla Concorrência","ATIVO","7",""
"bc3149933059742684c445c54c80ee53"," 2017101***","F","1988","Parda","2017","1","Brasil","ADMINISTRAÇÃO PÚBLICA","G","A Distância","Ceará","Aracati","SiSU","ÉTNICO","ATIVO","8",""
"bcaf5ae6a0188e2733e60a498bc4f299"," 2015201***","M","1978","Branca","2015","2","Brasil","ADMINISTRAÇÃO PÚBLICA","G","A Distância","Ceará","Limoeiro do Norte","VESTIBULAR","NENHUM","ATIVO","10",""
"bcf85707f65a4febb0dcd366dea2efa8"," 2015200***","M","1991","Parda","2015","2","Brasil","ADMINISTRAÇÃO PÚBLICA","G","A Distância","Ceará","Redenção","VESTIBULAR","NENHUM","ATIVO","11",""
"be2e31a3ddaab41e6d91c3aa30df03e7"," 2017208***","M","1991","Não declarada","2017","2","Brasil","ADMINISTRAÇÃO PÚBLICA","G","A Distância","Ceará","Aracati","VESTIBULAR","Não aplicavel","ATIVO","6",""
"c0431313353591fa9b72b39a0ba7d8d3"," 2017206***","F","1988","Parda","2017","2","Brasil","ADMINISTRAÇÃO PÚBLICA","G","A Distância","Ceará","Aracati","VESTIBULAR","Ampla Concorrência","ATIVO","7",""
"c10f4f9a89f6578790320f53062eda10"," 2017207***","F","1985","Branca","2017","2","Brasil","ADMINISTRAÇÃO PÚBLICA","G","A Distância","Ceará","Aracati","VESTIBULAR","Ampla Concorrência","ATIVO","7",""
"c51bdf1eba9629c916fc9a13e451f7c0"," 2014100***","M","1984","Parda","2014","1","Brasil","ADMINISTRAÇÃO PÚBLICA","G","A Distância","Ceará","São Francisco do Conde","VESTIBULAR","","ATIVO","13",""
"c83d117f4350a4b30d1ec324f389e12a"," 2015200***","M","1970","Não declarada","2015","2","Brasil","ADMINISTRAÇÃO PÚBLICA","G","A Distância","Ceará","São Francisco do Conde","VESTIBULAR","NENHUM","ATIVO","11",""
"c85289eb0779a7e5051a310a059c5d94"," 2017207***","F","1986","Não declarada","2017","2","Brasil","ADMINISTRAÇÃO PÚBLICA","G","A Distância","Ceará","Aracati","VESTIBULAR","Ampla Concorrência","ATIVO","7",""
"cb7295d5a4257d53180c092873214b3a"," 2017101***","M","1977","Negra","2017","1","Brasil","ADMINISTRAÇÃO PÚBLICA","G","A Distância","Ceará","Aracati","SiSU","NENHUM","ATIVO","8",""
"ce118ae9877207167204a2e0586e5c85"," 2015200***","M","1991","Parda","2015","2","Brasil","ADMINISTRAÇÃO PÚBLICA","G","A Distância","Ceará","São Francisco do Conde","VESTIBULAR","NENHUM","ATIVO","10",""
"d0449303dbdfa265533faab987f8986b"," 2017206***","F","1987","Parda","2017","2","Brasil","ADMINISTRAÇÃO PÚBLICA","G","A Distância","Ceará","Aracati","VESTIBULAR","Ampla Concorrência","ATIVO","7",""
"d0619040e44e7f02d1c67910e3b85f04"," 2017209***","F","1991","Branca","2017","2","Brasil","ADMINISTRAÇÃO PÚBLICA","G","A Distância","Ceará","Aracati","VESTIBULAR","Não aplicavel","ATIVO","7",""
"d342225d785c05d5bce0c8c931a13e6e"," 2017101***","M","1997","Não declarada","2017","1","Brasil","ADMINISTRAÇÃO PÚBLICA","G","A Distância","Ceará","Aracati","SiSU","NENHUM","ATIVO","8",""
"d441eb0b81fdc93631c0d297a0183502"," 2017101***","F","1985","Não declarada","2017","1","Brasil","ADMINISTRAÇÃO PÚBLICA","G","A Distância","Ceará","Aracati","SiSU","NENHUM","ATIVO","8",""
"d5f405d8f470b6b3bc9cf8cb0745c18f"," 2017206***","F","1974","Parda","2017","2","Brasil","ADMINISTRAÇÃO PÚBLICA","G","A Distância","Ceará","Aracati","VESTIBULAR","Ampla Concorrência","ATIVO","7",""
"d6b7a0d08ab0868f22ae8e6a464bd57d"," 2017208***","M","1985","Negra","2017","2","Brasil","ADMINISTRAÇÃO PÚBLICA","G","A Distância","Ceará","Aracati","VESTIBULAR","Não aplicavel","ATIVO","7",""
"d88076239489be4d2e74962ac7c3e4ef"," 2015200***","F","1979","Parda","2015","2","Brasil","ADMINISTRAÇÃO PÚBLICA","G","A Distância","Ceará","São Francisco do Conde","VESTIBULAR","NENHUM","ATIVO","11",""
"da3294493c7b7e2e34fe1c7b79be8bfe"," 2017100***","F","1999","Não declarada","2017","1","Brasil","ADMINISTRAÇÃO PÚBLICA","G","A Distância","Ceará","Aracati","SiSU","NENHUM","ATIVO","8",""
"dadb627477178e911db28b8e3a6446ce"," 2017208***","M","1994","Parda","2017","2","Brasil","ADMINISTRAÇÃO PÚBLICA","G","A Distância","Ceará","Aracati","VESTIBULAR","Não aplicavel","ATIVO","7",""
"dc0a47db20d76ffeb1cbaf33ff95c7af"," 2017206***","M","1970","Negra","2017","2","Brasil","ADMINISTRAÇÃO PÚBLICA","G","A Distância","Ceará","Aracati","VESTIBULAR","L5 - independentemente da renda (Lei nº 12.711/2012)","ATIVO","6",""
"dc2f7567842ecdbdcf743960c1174ada"," 2017206***","M","1993","Negra","2017","2","Brasil","ADMINISTRAÇÃO PÚBLICA","G","A Distância","Ceará","Aracati","VESTIBULAR","Ampla Concorrência","ATIVO","6",""
"dc3c6cfe1ddbb6fded95446cd927e84a"," 2017101***","F","1982","Não declarada","2017","1","Brasil","ADMINISTRAÇÃO PÚBLICA","G","A Distância","Ceará","Aracati","SiSU","NENHUM","ATIVO","7",""
"dc64ebddb0c2f486536aa5f955795b58"," 2017208***","F","1994","Parda","2017","2","Brasil","ADMINISTRAÇÃO PÚBLICA","G","A Distância","Ceará","Aracati","VESTIBULAR","Não aplicavel","ATIVO","7",""
"dd3da0ef8cdab9b979573992b0bda632"," 2015201***","M","1982","Parda","2015","2","Brasil","ADMINISTRAÇÃO PÚBLICA","G","A Distância","Ceará","Limoeiro do Norte","VESTIBULAR","NENHUM","ATIVO","11",""
"df9545bbd3c498a15ffe30d1a057c78c"," 2015201***","F","1986","Parda","2015","2","Brasil","ADMINISTRAÇÃO PÚBLICA","G","A Distância","Ceará","Limoeiro do Norte","VESTIBULAR","ESCOLA PÚBLICA","ATIVO","10",""
"dfae81ed26005523453252d9babc71f3"," 2017208***","M","1994","Parda","2017","2","Brasil","ADMINISTRAÇÃO PÚBLICA","G","A Distância","Ceará","Aracati","VESTIBULAR","Não aplicavel","ATIVO","6",""
"dfb06dad051371dd1f7aed4a8edaca40"," 2017207***","M","1987","Não declarada","2017","2","Brasil","ADMINISTRAÇÃO PÚBLICA","G","A Distância","Ceará","Aracati","VESTIBULAR","Ampla Concorrência","ATIVO","7",""
"dfc8a9510df008af7ea125ef30067ce9"," 2017209***","F","1989","Branca","2017","2","Brasil","ADMINISTRAÇÃO PÚBLICA","G","A Distância","Ceará","Aracati","VESTIBULAR","Não aplicavel","ATIVO","6",""
"e30808c48ed3f041bda13a559d80bab0"," 2017101***","M","1993","Não declarada","2017","1","Brasil","ADMINISTRAÇÃO PÚBLICA","G","A Distância","Ceará","Aracati","SiSU","SOCIAL","ATIVO","8",""
"e364a410aaad1f6e0d01cebe4c977239"," 2017100***","M","1988","Não declarada","2017","1","Brasil","ADMINISTRAÇÃO PÚBLICA","G","A Distância","Ceará","Aracati","SiSU","NENHUM","ATIVO","8",""
"e380cacbd6b628abd4e5d36e419c56ea"," 2017208***","F","1987","Negra","2017","2","Brasil","ADMINISTRAÇÃO PÚBLICA","G","A Distância","Ceará","Aracati","VESTIBULAR","Não aplicavel","ATIVO","7",""
"e6092e5e5af4c99c784383ae1e91b06f"," 2017206***","M","1984","Não declarada","2017","2","Brasil","ADMINISTRAÇÃO PÚBLICA","G","A Distância","Ceará","Aracati","VESTIBULAR","Ampla Concorrência","ATIVO","7",""
"e60ea887ed8ae1c6579c50cfdadf8731"," 2013102***","M","1981","Parda","2013","1","Brasil","ADMINISTRAÇÃO PÚBLICA","G","A Distância","Ceará","Redenção","VESTIBULAR","","ATIVO","16",""
"e6d36a2b9f6a2ae506e0d7a3d6456c66"," 2017100***","F","1998","Não declarada","2017","1","Brasil","ADMINISTRAÇÃO PÚBLICA","G","A Distância","Ceará","Aracati","SiSU","NENHUM","ATIVO","7",""
"e79933445985f05b92975dfb4bf4916c"," 2017208***","F","1996","Parda","2017","2","Brasil","ADMINISTRAÇÃO PÚBLICA","G","A Distância","Ceará","Aracati","VESTIBULAR","Não aplicavel","ATIVO","7",""
"e7a6885c535d538fe246270ae6392147"," 2017208***","F","1989","Parda","2017","2","Brasil","ADMINISTRAÇÃO PÚBLICA","G","A Distância","Ceará","Aracati","VESTIBULAR","Não aplicavel","ATIVO","7",""
"e916a73631cf834a25249dec15fc9030"," 2017206***","F","1975","Branca","2017","2","Brasil","ADMINISTRAÇÃO PÚBLICA","G","A Distância","Ceará","Aracati","VESTIBULAR","Ampla Concorrência","ATIVO","7",""
"e91d526389d4cf62f89e338273052926"," 2017100***","M","1985","Não declarada","2017","1","Brasil","ADMINISTRAÇÃO PÚBLICA","G","A Distância","Ceará","Aracati","SiSU","NENHUM","ATIVO","7",""
"ea5aa89ba821efa9678a8a6f3e3b2b05"," 2015200***","F","1992","Negra","2015","2","Brasil","ADMINISTRAÇÃO PÚBLICA","G","A Distância","Ceará","São Francisco do Conde","VESTIBULAR","ESCOLA PÚBLICA","ATIVO","11",""
"ec8bb73faceea2d7b2dbdd1c2a4a83af"," 2017207***","M","1991","Branca","2017","2","Brasil","ADMINISTRAÇÃO PÚBLICA","G","A Distância","Ceará","Aracati","VESTIBULAR","Ampla Concorrência","ATIVO","7",""
"ee4bb2539c6a0f6c845a5863243392b6"," 2015200***","F","1987","Parda","2015","2","Brasil","ADMINISTRAÇÃO PÚBLICA","G","A Distância","Ceará","São Francisco do Conde","VESTIBULAR","NENHUM","ATIVO","11",""
"eeac7f3ce2540790b3df913f22197779"," 2015200***","M","1987","Parda","2015","2","Brasil","ADMINISTRAÇÃO PÚBLICA","G","A Distância","Ceará","Redenção","VESTIBULAR","ESCOLA PÚBLICA","ATIVO","11",""
"f01322ec39f8d6ba41ec43b9c0988d52"," 2017207***","F","1988","Parda","2017","2","Brasil","ADMINISTRAÇÃO PÚBLICA","G","A Distância","Ceará","Aracati","VESTIBULAR","Ampla Concorrência","ATIVO","6",""
"f08734c9b569f27034fc6b61d6c1f0e2"," 2017100***","F","1994","Parda","2017","1","Brasil","ADMINISTRAÇÃO PÚBLICA","G","A Distância","Ceará","Aracati","SiSU","NENHUM","ATIVO","8",""
"f1934337fcb60981e2210a0b7e0c0e67"," 2017208***","M","1983","Parda","2017","2","Brasil","ADMINISTRAÇÃO PÚBLICA","G","A Distância","Ceará","Aracati","VESTIBULAR","Ampla Concorrência","ATIVO","7",""
"f4746b006d582bca614ba790171268dc"," 2015201***","M","1994","Parda","2015","2","Brasil","ADMINISTRAÇÃO PÚBLICA","G","A Distância","Ceará","Limoeiro do Norte","VESTIBULAR","NENHUM","ATIVO","11",""
"f685e62aecb7d4c392dd9c7432d495ba"," 2017208***","M","1979","Não declarada","2017","2","Brasil","ADMINISTRAÇÃO PÚBLICA","G","A Distância","Ceará","Aracati","VESTIBULAR","Não aplicavel","ATIVO","7",""
"f7aa407dd1c1a518902519451e3346b3"," 2017208***","F","1996","Parda","2017","2","Brasil","ADMINISTRAÇÃO PÚBLICA","G","A Distância","Ceará","Aracati","VESTIBULAR","Não aplicavel","ATIVO","6",""
"facb75b64a14a8d129a13ee081211fc1"," 2017209***","M","1993","Parda","2017","2","Brasil","ADMINISTRAÇÃO PÚBLICA","G","A Distância","Ceará","Aracati","VESTIBULAR","Não aplicavel","ATIVO","6",""
"fbac309b298eea6f607fef01dd66b017"," 2017101***","M","1999","Não declarada","2017","1","Brasil","ADMINISTRAÇÃO PÚBLICA","G","A Distância","Ceará","Aracati","SiSU","NENHUM","ATIVO","8",""
"fc1ec7340f8f26732a066b0884a168db"," 2017208***","F","1993","Parda","2017","2","Brasil","ADMINISTRAÇÃO PÚBLICA","G","A Distância","Ceará","Aracati","VESTIBULAR","Não aplicavel","ATIVO","7",""
"fc4751193a2041d1ad6c01f4a644c7cb"," 2017100***","M","1982","Não declarada","2017","1","Brasil","ADMINISTRAÇÃO PÚBLICA","G","A Distância","Ceará","Aracati","SiSU","NENHUM","ATIVO","7",""
"fc6b30c6f4ec6be1b1a6c729d78d8e1d"," 2017207***","F","1998","Parda","2017","2","Brasil","ADMINISTRAÇÃO PÚBLICA","G","A Distância","Ceará","Aracati","VESTIBULAR","Ampla Concorrência","ATIVO","7",""
"fe15f1300b394c075797d8d44a03c509"," 2017208***","M","1997","Parda","2017","2","Brasil","ADMINISTRAÇÃO PÚBLICA","G","A Distância","Ceará","Aracati","VESTIBULAR","Não aplicavel","ATIVO","7",""
"fe47c2b7597484c63386c65a507a01c1"," 2017100***","M","1980","Não declarada","2017","1","Brasil","ADMINISTRAÇÃO PÚBLICA","G","A Distância","Ceará","Aracati","SiSU","NENHUM","ATIVO","8",""
